{"maxMoney":85349037.11901115,"moneyAvailable":85349037.11901115,"securityLevel":8,"minSecurityLevel":8}